{"cameraMode":{"drawMode":0,"name":"Shaded","section":"Shading Mode"},"sceneLighting":true,"audioPlay":false,"sceneViewState":{"m_AlwaysRefresh":false,"showFog":true,"showSkybox":true,"showFlares":true,"showImageEffects":true,"showParticleSystems":true,"showVisualEffectGraphs":true,"m_FxEnabled":true},"in2DMode":false,"pivot":{"x":3.2893612384796144,"y":1.1858960390090943,"z":-1.3346779346466065},"rotation":{"x":0.0020673011895269157,"y":-0.9815122485160828,"z":0.010609874501824379,"w":0.1910974383354187},"size":2.78714656829834,"orthographic":false}