{"cameraMode":{"drawMode":0,"name":"Shaded","section":"Shading Mode"},"sceneLighting":true,"audioPlay":false,"sceneViewState":{"m_AlwaysRefresh":false,"showFog":true,"showSkybox":true,"showFlares":true,"showImageEffects":true,"showParticleSystems":true,"showVisualEffectGraphs":true,"m_FxEnabled":true},"in2DMode":false,"pivot":{"x":1.6867707967758179,"y":1.593380331993103,"z":245.24978637695313},"rotation":{"x":0.0020673011895269157,"y":-0.9815122485160828,"z":0.010609874501824379,"w":0.1910974383354187},"size":4.922791957855225,"orthographic":false}