{"cameraMode":{"drawMode":0,"name":"Shaded","section":"Shading Mode"},"sceneLighting":false,"audioPlay":false,"sceneViewState":{"m_AlwaysRefresh":false,"showFog":true,"showSkybox":false,"showFlares":true,"showImageEffects":true,"showParticleSystems":true,"showVisualEffectGraphs":true,"m_FxEnabled":true},"in2DMode":false,"pivot":{"x":1.1920928955078126e-7,"y":1.2251930236816407,"z":0.01416635513305664},"rotation":{"x":-0.08053407073020935,"y":0.9067106246948242,"z":-0.2021009922027588,"w":-0.36131003499031069},"size":2.754085063934326,"orthographic":false}