{"cameraMode":{"drawMode":0,"name":"Shaded","section":"Shading Mode"},"sceneLighting":false,"audioPlay":false,"sceneViewState":{"m_AlwaysRefresh":false,"showFog":true,"showSkybox":false,"showFlares":true,"showImageEffects":true,"showParticleSystems":true,"showVisualEffectGraphs":true,"m_FxEnabled":true},"in2DMode":false,"pivot":{"x":24.82944107055664,"y":147.74966430664063,"z":-5.997337818145752},"rotation":{"x":0.0020673011895269157,"y":-0.9815122485160828,"z":0.010609874501824379,"w":0.1910974383354187},"size":481.86114501953127,"orthographic":false}